"unique_storm_number","sub_storms","suspended_sediment_mg_L","chloride_mg_L","no2_no3_n_mg_L","ammonium_n_mg_L","tkn_unfiltered_mg_L","orthophosphate_mg_L","total_phosphorus_unfiltered_mg_L","total_nitrogen_computed_mg_L","organic_nitrogen_computed_mg_L","suspended_sediment_load_pounds","chloride_load_pounds","no2_no3_n_load_pounds","ammonium_n_load_pounds","tkn_unfiltered_load_pounds","orthophosphate_load_pounds","total_phosphorus_unfiltered_load_pounds","total_nitrogen_computed_load_pounds","organic_nitrogen_computed_load_pounds","sum_runoff","suspended_sediment_flag","chloride_flag","no2_no3_flag","ammonium_n_flag","tkn_unfiltered_flag","orthophosphate_flag","total_phosphorus_unfiltered_flag","sample_start","sample_end","storm_start","storm_end","peak_discharge","runoff_volume","frozen","stormnum","rain_startdate","rain_enddate","rain","duration","Ievent","I5","I10","I15","I30","I60","energy_m1","erosivity_m1","energy_m2","erosivity_m2","ARFdays1","ARFdays2","ARFdays7","ARFdays14","ant_discharge_date","ant_dis_1day_max","ant_dis_2day_mean","ant_dis_2day_max","ant_dis_3day_mean","ant_dis_3day_max","ant_dis_7day_mean","ant_dis_7day_max","ant_dis_14day_mean","ant_dis_14day_max","sin_sdate","cos_sdate","tmax","tmin","snwd_diff","SOIL_Moist_perc","SOIL_Temp_F","days_since_planting","days_since_fertilizer","days_since_cultivation","days_since_disturbance"
2,"MI-FM1-2",165,5.7,2.3,0.13,2.19,0.095,0.472,4.5,2.1,1561.6,53.94,21.77,1.23,20.73,0.899,4.47,42.49,19.5,151598,NA,NA,NA,NA,NA,NA,NA,"2013-01-29 16:21:00","2013-01-31 08:09:00","2013-01-29 07:15:00","2013-01-31 12:15:00",2.29,151598,1,1,"2013-01-29 04:55:00","2013-01-30 21:00:00",0.63,40.0833333333333,0.0157172557172557,0.96,0.66,0.48,0.42,0.23,323.365598125058,1.35813551212524,353.606583361585,1.48514765011866,0,0,0,0,"2013-01-15 07:15:00",40,21,40,14.6666666666667,40,7.42857142857143,40,6.07142857142857,40,0.478733840115788,0.877960084700888,14.4,-8.9,-4.0157502,27.6943287033333,33.0459299766667,0,259,93,10
3,"MI-FM1-3",86,0.125,0.6,0.12,1.3,0.022,0.22,1.9,1.2,21.2,0.06,0.15,0.03,0.32,0.005,0.05,0.47,0.29,3956,NA,"<",NA,NA,NA,NA,NA,"2013-03-09 16:04:00","2013-03-09 21:06:00","2013-03-09 15:45:00","2013-03-10 02:00:00",0.32,3956,1,2,"2013-03-09 16:45:00","2013-03-09 22:40:00",0.01,5.91666666666667,0.00169014084507042,0.12,0.06,0.04,0.02,0.01,4.82503967271275,0.000965007934542549,6.11208992441764,0.00122241798488353,0,0,0,0,"2013-02-23 15:45:00",48.5,33,48.5,25.3333333333333,48.5,14.7785714285714,48.5,12.0957142857143,48.5,0.920971287716634,0.389630449530789,15.6,-4.4,-0.9842525,22.449131945,31.89212847,0,298,132,10
4,"MI-FM1-4",49,1.2,1.1,0.08,1.45,0.025,0.233,2.6,1.4,33.9,0.83,0.76,0.06,1,0.017,0.16,1.76,0.95,11070,NA,NA,NA,NA,NA,NA,NA,"2013-03-10 13:39:00","2013-03-10 22:41:00","2013-03-10 10:00:00","2013-03-11 06:00:00",0.51,11070,1,3,"2013-03-10 10:00:00","2013-03-10 10:01:00",0,0.0166666666666667,0,0,0,0,0,0,0,0,0,0,0.01,0.01,0.01,0.01,"2013-02-24 09:00:00",77.9,63.2,77.9,47.9666666666667,77.9,24.9071428571429,77.9,17.3035714285714,77.9,0.927541683579196,0.37371971479047,15.6,2.8,0,23.065190975,33.56195399,0,299,133,10
5,"MI-FM1-5",208,1.6,2.3,0.09,2.51,0.031,0.516,4.8,2.4,409.7,3.15,4.53,0.18,4.94,0.061,1.02,9.47,4.77,31552,NA,NA,NA,NA,NA,NA,NA,"2013-03-11 10:22:00","2013-03-12 04:59:00","2013-03-11 09:00:00","2013-03-12 08:45:00",1.56,31552,1,4,"2013-03-11 07:35:00","2013-03-11 16:35:00",0.34,9,0.0377777777777778,0.24,0.24,0.24,0.2,0.18,165.330804022323,0.330661608044647,190.567562732064,0.381135125464127,0,0.01,0.01,0.01,"2013-02-25 08:00:00",91.3,84.6,91.3,72.5666666666667,91.3,37.0214285714286,91.3,23.4321428571429,91.3,0.933837228822925,0.357698238833126,13.9,-1.1,0,27.04461806,36.04093611,0,300,134,10
6,"MI-FM1-6",149,10.7,3.1,0.04,1.83,0.057,0.434,4.9,1.8,7019.5,504.08,146.04,1.88,86.21,2.685,20.45,232.26,84.33,754636,"HT",NA,NA,NA,NA,NA,NA,"2013-04-10 02:22:00","2013-04-13 23:46:00","2013-04-10 02:00:00","2013-04-14 05:45:00",3.82,754636,0,5,"2013-04-10 02:00:00","2013-04-13 01:00:00",1.96,71,0.0276056338028169,1.92,1.26,0.88,0.5,0.28,1093.90644490612,5.46953222453061,1208.89472543671,6.04447362718355,0,0,0,0,"2013-03-27 02:00:00",186,106.2,186,72.6866666666667,186,34.3257142857143,186,21.6242857142857,186,0.98867759023234,-0.150055398344652,8.9,0,0,38.026944444,40.101182638,0,330,164,10
7,"MI-FM1-7",224,7.8,1,0.03,1.98,0.063,0.532,3,2,5656.6,196.97,25.25,0.76,50,1.591,13.43,75.25,49.24,404507,"HT",NA,NA,NA,NA,NA,NA,"2013-04-18 03:16:00","2013-04-20 16:21:00","2013-04-18 02:15:00","2013-04-20 21:30:00",5.13,404507,0,6,"2013-04-18 02:15:00","2013-04-19 07:20:00",1.19,29.0833333333333,0.0409169054441261,0.96,0.78,0.64,0.34,0.23,712.119938098808,2.42120778953595,783.111821014098,2.66258019144793,0,0,1.22,1.96,"2013-04-04 02:15:00",113,73.1,113,62,113,82.2,181,73.4764285714286,219,0.958717816987297,-0.284359187281002,25,-2.1,0,38.06886574,49.63134375,0,338,172,10
8,"MI-FM1-8",269,1.8,0.5,0.04,1.93,0.038,0.562,2.4,1.9,72.8,0.49,0.14,0.01,0.52,0.01,0.15,0.66,0.51,4334,"HT",NA,NA,NA,NA,NA,NA,"2013-04-24 04:43:00","2013-04-24 10:43:00","2013-04-24 02:45:00","2013-04-24 20:15:00",0.31,4334,0,7,"2013-04-23 17:15:00","2013-04-23 23:45:00",0.31,6.5,0.0476923076923077,0.24,0.24,0.2,0.18,0.16,144.507416222616,0.260113349200708,170.529606001391,0.306953290802503,0,0,1.19,3.15,"2013-04-10 02:45:00",89.3,64.5,89.3,60.1,89.3,112.6,317,104.971428571429,317,0.924290722193094,-0.381689220266658,7.8,1.7,0,35.7765625,49.78404167,0,344,178,10
9,"Est_2013.1,MI-FM1-9",516.417251763896,5.49380055067975,6.19301152985717,1.41839941490277,5.19413870246085,0.0839053175012907,1.11873756668388,11.387150232318,3.79571674410601,3746.8,39.86,44.93,10.29,37.69,0.609,8.12,82.62,27.39,116220,"HT",NA,NA,NA,NA,NA,NA,"2013-05-29 00:28:00","2013-05-29 22:42:00","2013-05-28 22:45:00","2013-05-30 01:00:00",3.17,116089,0,8,"2013-05-28 22:45:00","2013-05-29 06:30:00",0.84,7.75,0.108387096774194,1.68,1.2,1.16,0.86,0.63,701.459532480496,6.03255197933227,679.928467574637,5.84738482114188,0,0,0,0,"2013-05-14 22:45:00",18.3,10.32,18.3,7.73666666666667,18.3,5.23571428571429,18.3,4.47928571428571,18.3,0.545240438540651,-0.838279705217774,30.6,11.7,0,25.8552662033333,58.997375,8,8,8,8
10,"MI-FM1-10",147,3.3,37.9,0.45,2.1,0.045,0.346,40,1.7,202.4,4.54,52.19,0.62,2.89,0.062,0.48,55.08,2.27,22057,NA,NA,NA,NA,NA,NA,NA,"2013-06-13 02:18:00","2013-06-13 09:15:00","2013-06-13 01:45:00","2013-06-13 14:45:00",1.24,22057,0,9,"2013-06-12 22:45:00","2013-06-12 23:55:00",0.1,1.16666666666667,0.0857142857142857,0.12,0.12,0.12,0.1,0.07,45.3423101801437,0.0453423101801437,57.1352621015853,0.0571352621015853,0,0,0,0,"2013-05-30 01:45:00",91.5,51.9,91.5,41.8666666666667,91.5,24.0385714285714,91.5,21.4585714285714,91.5,0.313107040935828,-0.949717842791431,26.1,17.2,0,33.42552083,64.75865625,24,24,24,10
12,"MI-FM1-11a,MI-FM1-11b,MI-FM1-11c",53.3284443836366,5.78105007524969,0.50602202763716,0.0114267683677658,0.877461417430565,0.0636823094814612,0.201384956902449,1.36919893282255,0.863176905185388,486.7,52.9,4.62,0.11,8,0.61,1.84,12.62,7.91,146180,"HT, HT, HT","NA, NA, NA","NA, NA, NA","NA, NA, NA","NA, NA, NA","NA, NA, NA","NA, NA, NA","2014-03-19 16:01:00","2014-03-22 21:20:00","2014-03-19 14:15:00","2014-03-23 01:45:00",2.34,146180,1,10,"2014-03-19 13:05:00","2014-03-22 02:50:00",0.43,61.75,0.00696356275303644,0.24,0.24,0.2,0.16,0.11,183.301879506615,0.293283007210584,213.164292587012,0.341062868139219,0,0,0,0,"2014-03-05 13:15:00",20,14.67,20,11.3266666666667,20,7.50857142857143,20,5.27785714285714,20,0.97410045517242,0.22611568550829,7.8,-10.5,-0.787402,17.702291668,31.145179862,0,303,124,10
13,"MI-FM1-12,Est_2014.1",18.1209964412811,4.00569395017794,0.0476868327402135,0.00476868327402135,0.438718861209964,0.0286120996441281,0.0677153024911032,0.476868327402135,0.476868327402135,1.6,0.4,0.005,0.005,0.04,5e-04,0.01,0.04,0.04,1405,"HT","HT","HT","HT","HT","HT","HT","2014-03-28 07:51:00","2014-03-28 15:37:00","2014-03-28 06:45:00","2014-03-28 22:45:00",0.04,1340,1,11,"2014-03-28 06:45:00","2014-03-28 06:46:00",0,0.0166666666666667,0,0,0,0,0,0,0,0,0,0,0,0,0.31,0.43,"2014-03-14 06:45:00",88.3,55.95,88.3,46.2,88.3,45.7571428571429,88.3,32.1371428571429,88.3,0.997324973108155,0.0730951298980785,10,2.2,0,17.15798611,30.73668229,0,312,133,10
16,"MI-FM1-13",295,8.4,0.1,0.02,2.24,0.05,0.676,2.3,2.2,1061.5,30.2,0.36,0.07,8.06,0.19,2.43,8.42,7.99,57640,"HT",NA,NA,NA,NA,NA,NA,"2014-05-07 22:01:00","2014-05-08 12:53:00","2014-05-07 19:00:00","2014-05-09 05:45:00",1.78,57640,0,12,"2014-05-07 17:30:00","2014-05-07 21:40:00",0.71,4.16666666666667,0.1704,1.8,1.68,1.24,0.7,0.62,667.817683253768,4.67472378277638,633.818540848958,4.43672978594271,0,0,0,0,"2014-04-23 19:00:00",31.5,21.7,31.5,19.4,31.5,22.6,31.5,18.1757142857143,33.6,0.806479946320946,-0.591261444863577,30,5,0,36.3902199066667,54.1221493066667,0,352,173,10
23,"MI-FM1-20",34,39.7,1.4,0.08,1.67,0.14,0.281,3.1,1.6,37.6,43.9,1.55,0.09,1.85,0.16,0.31,3.4,1.76,17723,NA,NA,NA,NA,NA,NA,NA,"2014-11-24 01:11:00","2014-11-24 14:48:00","2014-11-24 01:10:00","2014-11-25 01:15:00",0.61,17723,0,13,"2014-11-23 17:15:00","2014-11-24 12:05:00",1.03,18.8333333333333,0.0546902654867257,0.24,0.18,0.2,0.18,0.16,496.158690435649,0.893085642784168,598.349583608716,1.07702925049569,0,0,0,0,"2014-11-10 01:10:00",99.6,56.4,99.6,38.11,99.6,16.9157142857143,99.6,9.14714285714286,99.6,-0.594726686960765,0.80392796183282,14.4,-0.5,0,37.890711805,40.04262153,23,553,23,10
24,"MI-FM1-21",40,19.7,1,0.05,1.6,0.06,0.333,2.6,1.6,181.4,89.3,4.54,0.23,7.26,0.27,1.51,11.79,7.03,72649,NA,NA,NA,NA,NA,NA,NA,"2014-12-24 17:11:00","2014-12-25 11:11:00","2014-12-24 16:45:00","2014-12-26 17:15:00",2.12,72649,0,14,"2014-12-24 03:00:00","2014-12-25 07:05:00",1.21,28.0833333333333,0.0430860534124629,0.36,0.36,0.32,0.22,0.17,593.223716942284,1.30509217727302,697.233179438082,1.53391299476378,0,0,0,0,"2014-12-10 16:45:00",47.2,25.59,47.2,18.1566666666667,47.2,10.1357142857143,47.2,6.98142857142857,47.2,-0.120208044899353,0.99274872245774,9.4,1.7,0,36.7198495366667,36.8004438666667,30,583,53,10
25,"MI-FM1-22a,MI-FM1-22b,MI-FM1-22c,MI-FM1-22d",7.27471000610513,4.08123776341551,0.244467484895055,0.271375023683712,1.02292283320351,0.0619178017304899,0.120525452095745,1.28478137302373,0.729018862760784,90.3,48.4,2.91,3.22,12.14,0.7,1.43,15.03,8.91,190004,"<, NA, NA, <","NA, NA, NA, NA","NA, NA, NA, NA","NA, NA, NA, NA","NA, NA, NA, NA","NA, NA, NA, NA","NA, NA, NA, NA","2015-03-11 03:30:00","2015-03-16 04:10:00","2015-03-09 13:30:00","2015-03-17 07:30:00",2.08,190004,1,15,"2015-03-09 13:30:00","2015-03-09 13:31:00",0,0.0166666666666667,0,0,0,0,0,0,0,0,0,0,0,0,0,0,"2015-02-23 12:30:00",6.1,4.95,6.1,4.1,6.1,2.82857142857143,6.1,2.27857142857143,6.1,0.920971287716634,0.389630449530789,18.9,-6,-7.87402,22.3616126555556,31.6779344133333,30,658,128,10
26,"MI-FM1-23",187,46.6,61.9,1.71,2.47,0.11,0.481,64.4,0.8,398.1,99.2,131.79,3.64,5.26,0.23,1.02,137.05,1.62,34104,NA,NA,NA,NA,NA,NA,NA,"2015-06-14 04:05:00","2015-06-14 14:34:00","2015-06-14 08:00:00","2015-06-14 19:15:00",1.63,34104,0,16,"2015-06-14 04:10:00","2015-06-14 04:11:00",0.06,0.0166666666666667,3.6,0.72,0.36,0.24,0.12,0.06,55.3210390645761,0.0663852468774913,52.126623379125,0.06255194805495,0,0,0,0,"2015-05-31 08:00:00",67.3,35.955,67.3,26.0833333333333,67.3,13.3942857142857,67.3,7.82285714285714,67.3,0.296712819273494,-0.954966754855254,26.7,18.3,0,19.26666667,62.6076875,27,27,35,10
27,"MI-FM1-24",441,15.6,10.2,0.46,2.49,0.1,0.874,12.7,2,13615.3,481.6,314.91,14.2,76.88,3.09,26.98,391.79,62.67,494548,NA,NA,NA,NA,NA,NA,NA,"2015-06-15 16:18:00","2015-06-16 15:44:00","2015-06-15 20:00:00","2015-06-17 18:15:00",10.4,494548,0,17,"2015-06-15 19:05:00","2015-06-15 23:55:00",1.93,4.83333333333333,0.399310344827586,2.88,2.64,2.44,2.06,1.47,1906.00576483867,39.2637187556765,1807.79279169878,37.240531508995,0,0.06,0.06,0.06,"2015-06-01 20:00:00",98.6,82.95,98.6,56.8366666666667,98.6,26.5,98.6,14.5857142857143,98.6,0.263665492728009,-0.964614175691243,29.4,13.3,0,34.1494791666667,67.85159375,28,28,36,10
28,"MI-FM1-25",358,12,3.9,0.08,2.33,0.07,0.758,6.2,2.3,4080,136.8,44.45,0.91,26.55,0.84,8.64,71,25.64,182554,NA,NA,NA,NA,NA,NA,NA,"2015-06-22 19:30:00","2015-06-23 16:26:00","2015-06-22 23:30:00","2015-06-24 08:45:00",3.68,182554,0,18,"2015-06-22 21:50:00","2015-06-23 00:05:00",1.1,2.25,0.488888888888889,3.48,2.76,2.36,1.7,0.96,1068.29004658004,18.1609307918607,1029.28196829437,17.4977934610043,0,0,0.17,1.99,"2015-06-08 23:30:00",11.3,10.85,11.3,12.0333333333333,14.4,66.6428571428571,315,46.5714285714286,315,0.145799196919876,-0.989314203970366,29.4,10.6,0,34.0776041666667,69.6713229166667,30,35,43,10
29,"MI-FM1-26",155,4,0.05,0.03,1.44,0.11,0.444,1.5,1.4,215.4,5.6,0.14,0.04,2,0.15,0.62,2.14,1.96,22262,NA,NA,"<",NA,NA,NA,NA,"2015-09-08 03:01:00","2015-09-08 08:23:00","2015-09-08 06:45:00","2015-09-08 20:30:00",1.4,22262,0,19,"2015-09-08 05:20:00","2015-09-08 05:21:00",0.06,0.0166666666666667,3.6,0.72,0.36,0.24,0.12,0.06,55.3210390645761,0.0663852468774913,52.126623379125,0.06255194805495,0,0,0,0,"2015-08-25 06:45:00",48.8,27.905,48.8,18.86,48.8,8.60142857142857,48.8,4.68214285714286,48.8,-0.924290722193092,-0.381689220266663,31.1,22.2,0,25.20625,71.04496875,30,113,121,10
30,"MI-FM1-27",66,12.2,0.8,0.08,1.72,0.21,0.771,2.5,1.6,3.13,0.6,0.04,0.005,0.08,0.01,0.04,0.12,0.08,761,NA,NA,NA,NA,NA,NA,NA,"2016-02-03 08:36:00","2016-02-03 14:06:00","2016-02-03 07:45:00","2016-02-03 21:00:00",0.05,761,1,20,"2016-02-03 08:45:00","2016-02-03 08:46:00",0,0.0166666666666667,0,0,0,0,0,0,0,0,0,0,0,0,0,0,"2016-01-20 07:45:00",52.7,33.9,52.7,30.6333333333333,52.7,16.1142857142857,52.7,10.2821428571429,52.7,0.552435313167619,0.833555771838571,12.8,2.2,0,36.40034722,32.44327604,30,261,90,10
31,"MI-FM1-28",36,14.1,1.1,0.02,0.95,0.07,0.19,2.1,0.9,512.7,200.8,15.67,0.28,13.53,1.01,2.71,29.2,13.24,228128,NA,NA,NA,NA,NA,NA,NA,"2016-02-28 16:53:00","2016-02-29 21:34:00","2016-02-28 16:00:00","2016-03-01 08:01:00",3.84,228128,0,21,"2016-02-28 17:00:00","2016-02-28 22:40:00",0.24,5.66666666666667,0.0423529411764706,0.36,0.3,0.32,0.26,0.19,133.43139836238,0.346921635742189,152.855786304756,0.397425044392365,0,0,0,0,"2016-02-14 16:00:00",61.2,35.055,61.2,26.05,61.2,16.4085714285714,61.2,14.0692857142857,61.2,0.849817091527526,0.527077708642376,14.4,-5.5,-7.87402,36.6419560166667,34.46720949,30,286,115,10
32,"MI-FM1-29",24,8.5,0.6,0.03,0.75,0.06,0.169,1.4,0.7,178.93,63.4,4.47,0.22,5.59,0.42,1.26,10.06,5.37,119423,NA,NA,NA,NA,NA,NA,NA,"2016-03-07 17:13:00","2016-03-08 20:36:00","2016-03-07 15:45:00","2016-03-09 07:45:00",1.46,119423,0,22,"2016-03-07 16:45:00","2016-03-07 16:46:00",0,0.0166666666666667,0,0,0,0,0,0,0,0,0,0,0,0,0,0.24,"2016-02-22 15:45:00",49.8,33.7,49.8,29.0666666666667,49.8,34.9142857142857,65.9,37.6828571428571,180,0.914127988185333,0.405425728359998,22.2,5,-7.086618,36.4979166666667,35.7812303233333,30,294,123,10
33,"MI-FM1-30",189,8,0.05,0.03,1.77,0.06,0.772,1.9,1.7,24.81,1.1,0.01,0.005,0.23,0.01,0.1,0.25,0.23,2103,NA,NA,"<",NA,NA,NA,NA,"2016-03-14 00:31:00","2016-03-14 03:31:00","2016-03-13 23:45:00","2016-03-14 10:15:00",0.13,2103,0,23,"2016-03-13 23:45:00","2016-03-13 23:46:00",0,0.0166666666666667,0,0,0,0,0,0,0,0,0,0,0,0,0,0,"2016-02-28 22:45:00",32.8,31,32.8,32.5,35.5,54.5714285714286,122,54.0428571428571,180,0.956234826591905,0.29260033563335,13.9,6.1,0,36.515711805,42.9494158,30,300,129,10
34,"MI-FM1-31",107,9.9,0.05,0.04,1.55,0.06,0.534,1.7,1.5,771.85,71.4,0.72,0.29,11.18,0.42,3.85,11.9,10.89,115550,NA,NA,"<",NA,NA,NA,NA,"2016-03-24 13:47:00","2016-03-25 12:43:00","2016-03-24 13:30:00","2016-03-25 20:00:00",2.6,115550,0,24,"2016-03-24 08:55:00","2016-03-24 21:55:00",0.81,13,0.0623076923076923,0.84,0.6,0.44,0.26,0.22,477.148562994717,1.24058626378626,534.694299022942,1.39020517745965,0,0,0,0,"2016-03-10 12:30:00",97.5,56,97.5,42.0333333333333,97.5,28.5285714285714,97.5,32.5071428571429,97.5,0.992222209417932,0.124479263886793,7.8,-1.6,0,37.181163195,39.68824392,30,311,140,10
35,"MI-FM1-32*",363,8.6,0.05,0.04,2.83,0.04,0.997,2.9,2.8,2901.23,68.7,0.8,0.32,22.62,0.3,7.97,23.42,22.3,128025,NA,NA,"<",NA,NA,NA,NA,"2016-03-28 06:39:00","2016-03-29 01:30:00","2016-03-28 04:30:00","2016-03-29 13:00:00",2.93,128025,0,25,"2016-03-27 20:05:00","2016-03-28 09:20:00",1.1,13.25,0.0830188679245283,0.48,0.36,0.36,0.32,0.21,606.856546103926,1.94194094753256,702.845528373588,2.24910569079548,0,0,0.81,0.81,"2016-03-14 04:30:00",145,88.85,145,73.7666666666667,145,62.0714285714286,145,43.2357142857143,145,0.998435421155564,0.0559169901006051,11.7,-0.5,0,37.477864585,43.88871875,30,315,144,10
36,"MI-FM1-33",536,6.8,0.05,0.03,2.89,0.04,1.1,3,2.9,4998.27,63.4,0.93,0.28,26.95,0.33,10.26,27.88,26.67,149374,NA,NA,"<",NA,NA,NA,NA,"2016-03-31 14:01:00","2016-04-01 11:20:00","2016-03-31 09:00:00","2016-04-01 22:00:00",3.5,149374,0,26,"2016-03-31 00:45:00","2016-03-31 18:30:00",0.92,17.75,0.051830985915493,1.68,1.44,1.16,0.66,0.43,600.253195432532,3.96167108985471,627.839679267736,4.14374188316705,0,0,1.91,1.91,"2016-03-17 09:00:00",94.6,70.4,94.6,73.3333333333333,94.6,75.4857142857143,145,52.0071428571429,145,0.99999073973619,0.00430353829624771,18.3,3.3,0,37.62282986,46.43082205,30,318,147,10
37,"MI-FM1-34",26,7.2,0.05,0.3,0.91,0.03,0.158,1,0.6,164.34,45.5,0.63,1.9,5.75,0.19,1,6.38,3.86,101250,NA,NA,"<",NA,NA,NA,NA,"2016-04-11 01:32:00","2016-04-12 04:15:00","2016-04-11 01:00:00","2016-04-12 04:15:00",2.32,101250,0,27,"2016-04-10 16:55:00","2016-04-11 02:55:00",0.77,10,0.077,0.36,0.3,0.28,0.26,0.21,402.632550438398,1.04684463113983,480.187565959243,1.24848767149403,0,0,0,2.02,"2016-03-28 01:00:00",135,83,135,64.4333333333333,135,47.4428571428571,135,56.5428571428571,135,0.982926551979983,-0.183998351657678,15,0.6,0,38.09947917,38.07005469,30,329,158,10
38,"MI-FM1-35",138,8.2,0.2,0.13,2.63,0.17,0.784,2.8,2.5,3.2,0.2,0.005,0.005,0.06,5e-04,0.02,0.07,0.06,374,NA,NA,NA,NA,NA,NA,NA,"2016-11-29 05:04:00","2016-11-29 07:06:00","2016-11-29 03:45:00","2016-11-29 09:15:00",0.04,374,0,28,"2016-11-29 04:45:00","2016-11-29 04:46:00",0,0.0166666666666667,0,0,0,0,0,0,0,0,0,0,0,0,0,0,"2016-11-15 03:45:00",37.2,23.325,37.2,19.0166666666667,37.2,15.2014285714286,37.2,8.98428571428571,37.2,-0.508670943852107,0.860961015888993,14.4,8.3,0,35.49513889,42.13115972,30,35,35,10
39,"MI-FM1-36",23,4.1,0.5,0.12,1.07,0.08,0.235,1.6,1,100.9,18,2.19,0.53,4.69,0.35,1.03,6.89,4.17,70266,NA,NA,NA,NA,NA,NA,NA,"2016-12-26 12:03:00","2016-12-26 21:42:00","2016-12-26 11:30:00","2016-12-27 06:30:00",3.1,70266,0,29,"2016-12-26 10:55:00","2016-12-26 13:45:00",0.03,2.83333333333333,0.0105882352941176,0.12,0.06,0.04,0.02,0.01,11.2132886319442,0.00224265772638884,10.2107332866247,0.00204214665732495,0,0,0,0,"2016-12-12 11:30:00",113,62.5,113,43.0333333333333,113,20,113,11.3785714285714,113,-0.0688024268023225,0.997630305306585,13.3,-2.7,-3.149608,37.373177085,34.9652066,30,62,62,10
40,"MI-FM1-37",72,5.7,0.4,0.04,2.53,0.08,0.796,2.9,2.5,41.2,3.3,0.23,0.02,1.45,0.05,0.46,1.68,1.42,9160,NA,NA,NA,NA,NA,NA,NA,"2017-01-03 04:17:00","2017-01-03 23:57:00","2017-01-03 04:00:00","2017-01-04 05:15:00",0.28,9160,0,30,"2017-01-02 19:10:00","2017-01-03 18:00:00",0.72,22.8333333333333,0.0315328467153285,0.36,0.3,0.24,0.2,0.16,361.966208308588,0.723932416617175,420.133335944163,0.840266671888325,0,0,0,0.03,"2016-12-20 04:00:00",68,37.74,68,28.0366666666667,68,22.4157142857143,68,27.1078571428571,113,0.0688024268023165,0.997630305306586,5,-10,0,36.16050347,35.07636024,30,70,70,10
41,"MI-FM1-38",116,3.3,0.1,0.11,1.66,0.12,0.473,1.8,1.6,95,2.7,0.08,0.09,1.36,0.1,0.39,1.44,1.27,13114,NA,NA,NA,NA,NA,NA,NA,"2017-01-10 21:52:00","2017-01-11 07:48:00","2017-01-10 18:15:00","2017-01-11 12:00:00",0.72,13114,1,31,"2017-01-10 17:45:00","2017-01-10 21:00:00",0.11,3.25,0.0338461538461538,0.12,0.12,0.12,0.1,0.07,46.0669630885616,0.0460669630885617,55.0196141043489,0.0550196141043489,0,0,0.03,0.72,"2016-12-27 18:15:00",5.36,4.48,5.36,4.25333333333333,5.36,10.7657142857143,36.2,16.5907142857143,68,0.205104499868615,0.978740079966916,8.9,-3.2,-1.181103,30.58064236,30.766675345,30,77,77,10
42,"MI-FM1-1568,MI-FM1-39",355.136232566351,1.98955872586191,0.198955872586191,0.119373523551715,2.65606089902565,0.0895301426637859,0.876400618742171,2.88486015249977,2.58642634362048,2637.2,14.8,1.48,0.89,19.72,0.63,6.51,21.2,18.84,118951,NA,NA,NA,NA,NA,NA,NA,"2017-01-11 20:25:00","2017-01-12 18:01:00","2017-01-11 17:30:00","2017-01-13 10:45:00",3.71,118330,1,32,"2017-01-11 18:00:00","2017-01-12 02:45:00",0.75,8.75,0.0857142857142857,0.84,0.66,0.56,0.42,0.3,460.275339290747,1.93315642502114,506.955645035367,2.12921370914854,0.09,0.11,0.11,0.83,"2016-12-28 17:30:00",26.9,16.13,26.9,11.9533333333333,26.9,9.43714285714286,26.9,16.505,68,0.205104499868615,0.978740079966916,8.9,-8.2,-3.93701,31.90896991,31.6613275466667,30,78,78,10
45,"MI-FM1-40",37,3.8,0.5,0.04,1.03,0.05,0.205,1.5,1,16.3,1.7,0.22,0.02,0.45,0.02,0.09,0.67,0.44,7049,NA,NA,NA,NA,NA,NA,NA,"2017-02-07 22:55:00","2017-02-08 09:03:00","2017-02-07 22:00:00","2017-02-08 14:45:00",0.32,7049,1,33,"2017-02-07 23:00:00","2017-02-07 23:01:00",0,0.0166666666666667,0,0,0,0,0,0,0,0,0,0,0,0,0,0,"2017-01-24 22:00:00",42.1,24.345,42.1,18.65,42.1,13.3971428571429,42.1,20.3128571428571,44.3,0.635432300890176,0.772156584499165,6.7,-6.6,-1.181103,32.75217014,32.090105905,30,105,105,10
46,"MI-FM1-41",44,4.8,0.025,0.01,1.13,0.05,0.254,1.2,1.1,27.5,3,0.03,0.01,0.71,0.03,0.16,0.74,0.7,10016,NA,NA,"<",NA,NA,NA,NA,"2017-02-12 14:11:00","2017-02-13 03:11:00","2017-02-12 12:45:00","2017-02-13 04:15:00",0.26,10016,1,34,"2017-02-12 13:45:00","2017-02-12 13:46:00",0,0.0166666666666667,0,0,0,0,0,0,0,0,0,0,0,0,0,0,"2017-01-29 12:45:00",32.6,24.4,32.6,24.8333333333333,32.6,32.6557142857143,74.1,21.7128571428571,74.1,0.687052767223664,0.726607524768568,5.6,-4.3,0,33.651822915,31.976475695,30,110,110,10
49,"MI-FM1-42",430,5.7,0.025,0.09,3.02,0.03,0.986,3.1,2.9,1216.3,16.1,0.14,0.25,8.54,0.08,2.79,8.68,8.29,45311,NA,NA,"<",NA,NA,NA,NA,"2017-02-24 22:24:00","2017-02-25 08:13:00","2017-02-24 21:15:00","2017-02-25 14:45:00",2.3,45311,0,35,"2017-02-24 19:30:00","2017-02-24 23:10:00",0.52,3.66666666666667,0.141818181818182,1.08,0.78,0.64,0.36,0.29,343.350014985109,1.23606005394639,368.415687527034,1.32629647509732,0,0,0,0,"2017-02-10 21:15:00",27,20.65,27,18.8666666666667,27,18.2285714285714,27,19.8,32.6,0.831170626365808,0.556017436657044,16.1,-4.3,0,35.48871528,42.838346355,30,122,122,10
50,"MI-FM1-43",181,7.5,0.025,0.03,1.82,0.04,0.576,1.9,1.8,1856.9,76.9,0.51,0.31,18.67,0.37,5.91,19.18,18.36,164331,NA,NA,"<",NA,NA,NA,NA,"2017-03-01 23:00:00","2017-03-02 01:17:00","2017-02-28 23:00:00","2017-03-02 10:00:00",2.51,164331,0,36,"2017-02-28 20:40:00","2017-03-01 13:40:00",0.96,17,0.0564705882352941,0.96,0.72,0.64,0.48,0.32,600.042252503404,2.88020281201634,649.775491423738,3.11892235883394,0,0,0.52,0.52,"2017-02-14 23:00:00",23.1,24.85,26.6,29.4666666666667,38.7,37.2857142857143,116,27.2714285714286,116,0.867456354729596,0.497513288907182,13.3,-6,1.181103,35.53113426,40.4338981466667,30,126,126,10
53,"MI-FM1-45",56,7.1,0.025,0.05,2.05,0.05,0.482,2.1,2,58.7,7.4,0.05,0.05,2.15,0.06,0.51,2.2,2.1,16802,NA,NA,"<",NA,NA,NA,NA,"2017-03-26 14:25:00","2017-03-26 22:03:00","2017-03-26 11:30:00","2017-03-27 03:45:00",0.71,16802,0,37,"2017-03-26 09:55:00","2017-03-26 22:20:00",0.35,12.4166666666667,0.0281879194630872,0.48,0.48,0.4,0.26,0.21,196.852121654062,0.51181551630056,216.638853312101,0.563261018611463,0,0,0,0,"2017-03-12 11:30:00",94.4,89.4,94.4,62.93,94.4,33.4328571428571,94.4,20.655,94.4,0.995918996147179,0.0902516100310457,13.9,3.3,0,36.929166665,41.117763025,30,152,152,10
54,"MI-FM1-46",64,6.5,0.025,0.02,1.14,0.03,0.242,1.2,1.1,603.2,61.3,0.47,0.19,10.74,0.27,2.28,11.22,10.56,150974,NA,NA,"<",NA,NA,NA,NA,"2017-03-30 12:02:00","2017-03-31 13:21:00","2017-03-30 08:15:00","2017-03-31 23:15:00",2.43,150974,0,38,"2017-03-30 04:50:00","2017-03-30 23:50:00",1.12,19,0.0589473684210526,0.48,0.42,0.36,0.26,0.24,579.951423487603,1.50787370106777,677.686727204731,1.7619854907323,0,0,0.35,0.35,"2017-03-16 08:15:00",147,88.25,147,72.7666666666667,147,69.1842857142857,147,39.5971428571429,147,0.999768501979891,0.021516097436229,4.4,1.7,0,36.15190972,41.63015972,30,156,156,10
55,"MI-FM1-47",147,4.7,0.025,0.03,1.82,0.03,0.413,1.9,1.8,295.7,9.5,0.1,0.06,3.66,0.05,0.83,3.76,3.6,32221,NA,NA,"<",NA,NA,NA,NA,"2017-04-03 22:54:00","2017-04-04 15:46:00","2017-04-03 21:30:00","2017-04-04 20:30:00",1.34,32221,0,39,"2017-04-03 18:10:00","2017-04-03 22:50:00",0.57,4.66666666666667,0.122142857142857,0.84,0.66,0.48,0.32,0.24,329.445627332547,1.05422600746415,375.383048858805,1.20122575634818,0,0,1.12,1.47,"2017-03-20 21:30:00",40.4,45.05,49.7,56.4666666666667,79.3,78.3857142857143,161,60.4664285714286,161,0.997917160865393,-0.0645084494493103,13.3,6.1,0,35.371527775,44.945654515,30,160,160,10
56,"MI-FM1-48",80,4.5,0.4,0.03,1.09,0.03,0.267,1.5,1.1,4810.4,270.6,24.05,1.8,65.54,2.04,16.05,89.59,63.74,963189,NA,NA,NA,NA,NA,NA,NA,"2017-04-06 00:53:00","2017-04-07 22:17:00","2017-04-05 18:25:00","2017-04-09 00:00:00",6.85,963189,0,40,"2017-04-05 16:00:00","2017-04-07 13:20:00",2.44,45.3333333333333,0.0538235294117647,0.48,0.42,0.36,0.3,0.26,1229.34872334979,3.68804617004937,1436.73624209824,4.31020872629471,0,0.57,1.69,2.04,"2017-03-22 18:25:00",81.7,108.35,135,85.7,135,99.1571428571429,161,74.2857142857143,161,0.99665890175417,-0.0816763953304196,23.9,-2.1,0,37.39753472,42.79085382,30,162,162,10
57,"MI-FM1-49",86,24.7,0.3,0.64,2.79,1.17,1.44,3.1,2.2,615.2,176.7,2.15,4.58,19.96,8.37,10.3,22.1,15.38,114583,NA,NA,NA,NA,NA,NA,NA,"2017-05-01 00:42:00","2017-05-01 21:00:00","2017-04-30 23:15:00","2017-05-02 03:00:00",2.93,114583,0,41,"2017-04-30 23:15:00","2017-05-01 17:30:00",0.5,18.25,0.0273972602739726,3,1.98,1.36,0.76,0.39,422.568147688676,3.21151792243394,412.60476026149,3.13579617798733,0,0,0,0,"2017-04-16 23:15:00",17.7,12.1,17.7,10.6133333333333,17.7,10.1442857142857,17.7,12.8364285714286,24.6,0.863142128049913,-0.504961054721518,20,4.4,0,30.34809028,52.7431875,30,187,187,10
58,"MI-FM1-50",59,56,0.2,0.06,1.38,0.5,0.733,1.6,1.3,32.4,30.8,0.11,0.03,0.76,0.28,0.4,0.87,0.73,8804,NA,NA,NA,NA,NA,NA,NA,"2017-05-04 17:53:00","2017-05-05 02:01:00","2017-05-04 17:30:00","2017-05-05 04:30:00",0.45,8804,0,42,"2017-05-04 09:35:00","2017-05-04 20:45:00",0.52,11.1666666666667,0.0465671641791045,0.12,0.12,0.12,0.12,0.1,212.549261759393,0.255059114111272,261.653460396784,0.313984152476141,0,0,0.5,0.5,"2017-04-20 17:30:00",40.1,38.2,40.1,48.5,69.1,45.0485714285714,138,29.2221428571429,138,0.835925479418637,-0.548842958284719,10.6,5.6,0,36.350086805,51.575453125,30,191,191,10
